{"cameraMode":{"drawMode":0,"name":"Shaded","section":"Shading Mode"},"sceneLighting":true,"audioPlay":false,"sceneViewState":{"m_AlwaysRefresh":false,"showFog":true,"showSkybox":true,"showFlares":true,"showImageEffects":true,"showParticleSystems":true,"showVisualEffectGraphs":true,"m_FxEnabled":true},"in2DMode":false,"pivot":{"x":11.646183967590332,"y":-6.685725212097168,"z":-7.2100443840026859},"rotation":{"x":0.010298920795321465,"y":0.9899251461029053,"z":-0.10280556231737137,"w":0.09743916243314743},"size":28.040151596069337,"orthographic":false}