{"cameraMode":{"drawMode":0,"name":"Shaded","section":"Shading Mode"},"sceneLighting":false,"audioPlay":false,"sceneViewState":{"m_AlwaysRefresh":false,"showFog":true,"showSkybox":false,"showFlares":true,"showImageEffects":true,"showParticleSystems":true,"showVisualEffectGraphs":true,"m_FxEnabled":true},"in2DMode":false,"pivot":{"x":0.010766029357910157,"y":0.19166970252990724,"z":-0.07366341352462769},"rotation":{"x":-0.30321982502937319,"y":-0.6585668921470642,"z":0.604362428188324,"w":-0.3304350972175598},"size":0.3461076021194458,"orthographic":false}