{"cameraMode":{"drawMode":0,"name":"Shaded","section":"Shading Mode"},"sceneLighting":false,"audioPlay":false,"sceneViewState":{"m_AlwaysRefresh":false,"showFog":true,"showSkybox":false,"showFlares":true,"showImageEffects":true,"showParticleSystems":true,"showVisualEffectGraphs":true,"m_FxEnabled":true},"in2DMode":false,"pivot":{"x":-0.16499999165534974,"y":0.0012397170066833497,"z":-1.6503528356552125},"rotation":{"x":0.15304000675678254,"y":-0.28467249870300295,"z":0.046051401644945148,"w":0.945256233215332},"size":0.877781093120575,"orthographic":false}