{"cameraMode":{"drawMode":0,"name":"Shaded","section":"Shading Mode"},"sceneLighting":false,"audioPlay":false,"sceneViewState":{"m_AlwaysRefresh":false,"showFog":true,"showSkybox":false,"showFlares":true,"showImageEffects":true,"showParticleSystems":true,"showVisualEffectGraphs":true,"m_FxEnabled":true},"in2DMode":false,"pivot":{"x":0.16435927152633668,"y":2.056344747543335,"z":0.047627657651901248},"rotation":{"x":0.03943510353565216,"y":0.8967964053153992,"z":-0.4331938624382019,"w":0.08146463334560394},"size":0.3686554729938507,"orthographic":false}